insert into Employee
values
('Magdy','Mahmoud','Ghanem',9800,1,'MGR123',56,'General Manager','The Library needs space to open new sections','12 El-Horya ST./Maadi/Cairo',null,null)
insert into Employee
values
('Ahmed','Mahmoud','Sallam',5400,2,'SPR123',42,'Book Dep. Super Visor','The Book Dep. needs historical books about Ancient Egyptians','25 Talal ST./Giza',1,null),
('Khaled','Salah','El-Din',5400,3,'SPR456',45,'Story Dep. Super Visor','The Story Dep. needs scientific stories about Space','25 Tahrir ST./Cairo',1,null),
('Khaled','Mahmoud','Shaaban',5400,4,'SPR789',38,'Music Dep. Super Visor','The Music Dep. needs electronic guitars','22 Ramsis ST./Ciro',1,null),
('Shehab','Alaa','El-Din',5400,5,'SPR101112',42,'Computer Dep. Super Visor','The Computer Dep. needs modern PCs with up to date softwares','33 Faisal ST./Giza',1,null),

('Ahmed','Salama','Hmaed',3200,6,'BEMP123',30,'Book Dep. Employee','the book dep. needs more employees','55 9.ST./Maadi/Cairo',2,null),
('Mohamed','Talaat','Mohamed',3200,7,'BEMP456',31,'Book Dep. Employee','No Needs','20 Tahrir ST./Cairo',2,null),
('Ahmed','Mohamed','Maher',3200,8,'BEMP789',28,'Book Dep. Employee','No Needs','25 Foad ST./Gizah',2,null),
('Mohamed','Gamal','Ali',3200,9,'BEMP101112',25,'Book Dep. Employee','No Needs','2 Khalifa ST./Cairo',2,null),
('khaled','Essam','Ahmed',3200,10,'BEMP131415',29,'Book Dep. Employee','No Needs','17 9.St/Maadi/Cairo',2,null),
('Reham','Mahmoud','Mohamed',3200,11,'BEMP161718',23,'Book Dep. Employee','No Needs','25 Tahrir ST./Cairo',2,null),
('Nagham','Mohamed','Reda',3200,12,'BEMP192021',25,'Book Dep. Employee','No Needs','13 Gomhorya ST./Cairo',2,null),
('Noura','Mohamed','Magdy',3200,13,'BEMP222324',25,'Book Dep. Employee','No Needs','13 Zamalek ST./Cairo',2,null),

('Ahmed','Mohamed','Hmaed',3200,14,'SEMP123',30,'Story Dep. Employee','No Needs','22 9.ST./Maadi/Cairo',3,null),
('Ali','Ahmed','Ali',3200,15,'SEMP456',31,'Story Dep. Employee','No Needs','22 Tahrir ST./Cairo',3,null),
('Sameh','Mohamed','Maher',3200,16,'SEMP789',28,'Story Dep. Employee','No Needs','25 Foad ST./Gizah',3,null),
('Mohamed','Gamal','El-Din',3200,17,'SEMP101112',25,'Story Dep. Employee','No Needs','2 Gomhorya ST./Cairo',3,null),
('khaled','Ahmed','Adel',3200,18,'SEMP131415',29,'Story Dep. Employee','No Needs','17 Horrya.St/Maadi/Cairo',3,null),
('Nesma','Mahmoud','Mohamed',3200,19,'SEMP161718',23,'Story Dep. Employee','No Needs','25 Ghamra ST./Cairo',3,null),
('Dina','Mohamed','Ali',3200,20,'SEMP192021',25,'Story Dep. Employee','No Needs','13 Tahrir ST./Cairo',3,null),
('Nouran','Mohamed','Mahmoud',3200,21,'SEMP222324',25,'Story Dep. Employee','No Needs','25 Zamalek ST./Cairo',3,null),

('Tarik','Mohamed','Ahmed',3200,22,'MEMP123',30,'Music Dep. Employee','No Needs','25 9.ST./Maadi/Cairo',4,null),
('Ali','Mohamed','Ali',3200,23,'MEMP456',31,'Music Dep. Employee','No Needs','9 Tahrir ST./Cairo',4,null),
('Samer','Mohamed','Maher',3200,24,'MEMP789',28,'Music Dep. Employee','No Needs','24 Foad ST./Gizah',4,null),
('Ahmed','Gamal','El-Din',3200,25,'MEMP101112',25,'Music Dep. Employee','No Needs','10 Gomhorya ST./Cairo',4,null),
('Mahmoud','Ahmed','Ahmed',3200,26,'MEMP131415',29,'Music Dep. Employee','No Needs','18 Horrya.St/Maadi/Cairo',4,null),
('Ahlam','Mohamed','Hamed',3200,27,'MEMP161718',23,'Music Dep. Employee','No Needs','2 Ghamra ST./Cairo',4,null),
('Dina','Zaghloul','Ali',3200,28,'MEMP192021',25,'Music Dep. Employee','No Needs','13 Tahrir ST./Cairo',4,null),
('Soha','Ahmed','Gamal',3200,29,'MEMP222324',25,'Music Dep. Employee','No Needs','33 Zamalek ST./Cairo',4,null),


('Ahmed','Saeed','Saeed',3200,30,'CEMP123',30,'Computer Dep. Employee','No Needs','13 9.ST./Maadi/Cairo',5,null),
('Ali','Samir','Ali',3200,31,'CEMP456',31,'Computer Dep. Employee','No Needs','67 Tahrir ST./Cairo',5,null),
('Samer','Mohamed','Maher',3200,32,'CEMP789',28,'Computer Dep. Employee','No Needs','25 Foad ST./Gizah',5,null),
('Soad','Gamal','El-Din',3200,33,'CEMP101112',25,'Computer Dep. Employee','No Needs','2 Gomhorya ST./Cairo',5,null),
('Malak','Ahmed','Adel',3200,34,'CEMP131415',29,'Computer Dep. Employee','No Needs','25 Horrya.St/Maadi/Cairo',5,null),
('Deja','Mahmoud','Mohamed',3200,35,'CEMP161718',23,'Computer Dep. Employee','No Needs','33 Ghamra ST./Cairo',5,null),
('Sondos','Mohamed','Ali',3200,36,'CEMP192021',25,'Computer Dep. Employee','No Needs','33 Tahrir ST./Cairo',5,null),
('Nouran','Mohamed','Ali',3200,37,'CEMP222324',25,'Computer Dep. Employee','No Needs','25 Zamalek ST./Cairo',5,null)


insert into Library_Department
values

(3,'Music_Dep','8/7/2013','Provides many different musical instruments to try and train with',10,4),
(4,'Computer_Dep','9/6/2013','Provides PCs with many useful sodtware programs and Games ',14,5)

insert into [User]
values
('Ahmed','Mohamed','Soliman',3,1,'User123',null),
('Khaled','Salama','Hamed',4,2,'User456',null),
('Dalia','Mohamed','Sallam',3,3,'User789',null),
('Shahinda','Ahmed','Galal',3,4,'User101112',null),
('Samir','Mahmoud','Othman',4,5,'User131415',null),
('Ahmed','Ahmed','Mohamed',2,6,'User161718',null),
('Galal','Awad','Soliman',3,7,'User192021',null),
('Mostafa','Awad','Soliman',4,8,'User222324',null),
('Gamal','Nader','Ahmed',5,9,'User252627',null),
('Saeed','Saeed','Saeed',4,10,'User282930',null),
('Ahmed','Mohamed','Mahmoud',3,11,'User313233',null),
('Yara','Mohamed','Mahmoud',2,12,'User343536',null),
('Sara','Ahmed','Mohamed',3,13,'User373839',null),
('Sohila','Essam','Salem',4,14,'User404142',null),
('Samar','Essam','Salem',3,15,'User434445',null)

insert into Music_Section
values
('Drums',4,3),
('Piano',4,3),
('Guitar',5,3),
('Microphones&HeadSets',8,3)

insert into Musical_Instrument
values
(1,'Mendini Junior Drum','InUse',1420,1,'Drums',3,null),
(2,'Mendini Junior Drum','Available',2420,null,'Drums',3,null),
(3,'Pyle Electronic Electric Drum','InUse',2520,2,'Drums',3,null),
(4,'Metallic Blue Junior Drum Set with Cymbals Stool Sticks & Hardware','Available',2520,null,'Drums',3,null),
(1,'Alesis Recital 88-Key Beginner Digital Piano with Full-Size Semi-Weighted Keys and Included Power Supply','InUse',4200,3,'Piano',3,null),
(2,'Yamaha PSRE253 61-Key Portable Keyboard with Stand, Bench, and Power Supply','Available',1200,null,'Piano',3,null),
(3,'Korg tinyPiano Digital Toy Piano - Red','InUse',7200,4,'Piano',3,null),
(1,'New 30" Kids Black Electric Guitar','Available',2520,null,'Guitar',3,null),
(2,'Squier Brown Sunburst Bundle with Austin Bazaar Instructional DVD Guitar','InUse',4000,5,'Guitar',3,null),
(3,'Epiphone Les Paul Electric Guitar Player Package, Vintage Sunburst','Available',4000,null,'Guitar',3,null),
(4,'Jamstik+ Black Portable App Enabled MIDI Electric Guitar','Available',6000,null,'Guitar',3,null),
(5,'30" Natural Wood Guitar','Available',1440,null,'Guitar',3,null),
(1,'Singing Machine SMM-205 Unidirectional Dynamic Microphone','Available',140,null,'Microphones&HeadSets',3,null),
(2,'Mpow 059 Bluetooth Headphones Over Ear, Hi-Fi Stereo Wireless Headset','Available',600,null,'Microphones&HeadSets',3,null),
(3,'Mpow USB Headset/ 3.5mm Computer Headset with Microphone Noise Cancelling','Available',400,null,'Microphones&HeadSets',3,null),
(4,'Blue Yeti USB Microphone - Silver','Available',1800,null,'Microphones&HeadSets',3,null),
(5,'AXESS MPWL1510 150 Foot Long Range Wireless Microphone with Dual Microphones','Available',800,null,'Microphones&HeadSets',3,null),
(6,'Bluetooth Headphones, Kissral Wireless Sport Earbuds 10 Hours Talking Time with HD Microphone and Noise Cancellation','Available',240,null,'Microphones&HeadSets',3,null),
(7,'QIBOX BM-800 Pro Condenser Microphone Mic for Studio Broadcasting and Recording with Shock Mount','Available',600,null,'Microphones&HeadSets',3,null)

insert into Computer_Section
values
('SoftWare Engineering',10,4),
('Architecture',10,4),
('Power Engineering',10,4)

insert into Computer
values
(1,'Windows','InUse',12000,6,'SoftWare Engineering',4),
(2,'Windows','Available',13000,null,'SoftWare Engineering',4),
(3,'Windows','InUse',12000,7,'SoftWare Engineering',4),
(4,'Windows','Available',14000,null,'SoftWare Engineering',4),
(5,'Windows','Available',12000,null,'SoftWare Engineering',4),
(6,'Linux','Available',12000,null,'SoftWare Engineering',4),
(7,'Linux','Available',15000,null,'SoftWare Engineering',4),
(8,'Linux','Available',12000,null,'SoftWare Engineering',4),
(9,'Linux','Available',12000,null,'SoftWare Engineering',4),
(10,'Linux','Available',12000,null,'SoftWare Engineering',4),

(1,'Windows','InUse',12000,8,'Architecture',4),
(2,'Windows','Available',13000,null,'Architecture',4),
(3,'Windows','Available',12000,null,'Architecture',4),
(4,'Windows','Available',14000,null,'Architecture',4),
(5,'Windows','InUse',12000,9,'Architecture',4),
(6,'Linux','Available',12000,null,'Architecture',4),
(7,'Linux','Available',15000,null,'Architecture',4),
(8,'Linux','Available',12000,null,'Architecture',4),
(9,'Linux','Available',12000,null,'Architecture',4),
(10,'Linux','Available',12000,null,'Architecture',4),

(1,'Windows','InUse',12000,10,'Power Engineering',4),
(2,'Windows','Available',13000,null,'Power Engineering',4),
(3,'Windows','Available',12000,null,'Power Engineering',4),
(4,'Windows','InUse',14000,11,'Power Engineering',4),
(5,'Windows','Available',12000,null,'Power Engineering',4),
(6,'Linux','Available',12000,null,'Power Engineering',4),
(7,'Linux','Available',15000,null,'Power Engineering',4),
(8,'Linux','Available',12000,null,'Power Engineering',4),
(9,'Linux','InUse',12000,12,'Power Engineering',4),
(10,'Linux','Available',12000,null,'Power Engineering',4)


insert into Cmp_Software
values 
('Net Beans',1,'SoftWare Engineering',4),
('Matlap',1,'SoftWare Engineering',4),
('emu8086',1,'SoftWare Engineering',4),

('Eclipse',2,'SoftWare Engineering',4),
('Matlap',2,'SoftWare Engineering',4),
('emu8086',2,'SoftWare Engineering',4),

('Visual Studio',3,'SoftWare Engineering',4),
('Matlap',3,'SoftWare Engineering',4),
('emu8086',3,'SoftWare Engineering',4),

('Net Beans',4,'SoftWare Engineering',4),
('Matlap',4,'SoftWare Engineering',4),
('emu8086',4,'SoftWare Engineering',4),

('Eclipse',5,'SoftWare Engineering',4),
('Matlap',5,'SoftWare Engineering',4),
('emu8086',5,'SoftWare Engineering',4),

('Visual Studio',6,'SoftWare Engineering',4),
('Matlap',6,'SoftWare Engineering',4),
('emu8086',6,'SoftWare Engineering',4),

('Net Beans',7,'SoftWare Engineering',4),
('Matlap',7,'SoftWare Engineering',4),
('emu8086',7,'SoftWare Engineering',4),

('Eclipse',8,'SoftWare Engineering',4),
('Matlap',8,'SoftWare Engineering',4),
('emu8086',8,'SoftWare Engineering',4),

('Visual Studio',9,'SoftWare Engineering',4),
('Matlap',9,'SoftWare Engineering',4),
('emu8086',9,'SoftWare Engineering',4),

('Eclipse',10,'SoftWare Engineering',4),
('Matlap',10,'SoftWare Engineering',4),
('emu8086',10,'SoftWare Engineering',4),

('Solid Works',1,'Architecture',4),
('Auto Cad',1,'Architecture',4),
('3D Max',1,'Architecture',4),

('Solid Works',2,'Architecture',4),
('Auto Cad',2,'Architecture',4),
('3D Max',2,'Architecture',4),

('Solid Works',3,'Architecture',4),
('Auto Cad',3,'Architecture',4),
('3D Max',3,'Architecture',4),

('Solid Works',4,'Architecture',4),
('Auto Cad',4,'Architecture',4),
('3D Max',4,'Architecture',4),

('Solid Works',5,'Architecture',4),
('Auto Cad',5,'Architecture',4),
('3D Max',5,'Architecture',4),


('Solid Works',6,'Architecture',4),
('Auto Cad',6,'Architecture',4),
('3D Max',6,'Architecture',4),

('Solid Works',7,'Architecture',4),
('Auto Cad',7,'Architecture',4),
('3D Max',7,'Architecture',4),

('Solid Works',8,'Architecture',4),
('Auto Cad',8,'Architecture',4),
('3D Max',8,'Architecture',4),

('Solid Works',9,'Architecture',4),
('Auto Cad',9,'Architecture',4),
('3D Max',9,'Architecture',4),

('Solid Works',10,'Architecture',4),
('Auto Cad',10,'Architecture',4),
('3D Max',10,'Architecture',4),

('Auto Cad',1,'Power Engineering',4),
(' Calculatoredge',1,'Power Engineering',4),
('Electronics Bundle',1,'Power Engineering',4),
('PartSim',1,'Power Engineering',4),

('Auto Cad',2,'Power Engineering',4),
(' Calculatoredge',2,'Power Engineering',4),
('Electronics Bundle',2,'Power Engineering',4),
('PartSim',2,'Power Engineering',4),

('Auto Cad',3,'Power Engineering',4),
(' Calculatoredge',3,'Power Engineering',4),
('Electronics Bundle',3,'Power Engineering',4),
('PartSim',3,'Power Engineering',4),

('Auto Cad',4,'Power Engineering',4),
(' Calculatoredge',4,'Power Engineering',4),
('Electronics Bundle',4,'Power Engineering',4),
('PartSim',4,'Power Engineering',4),

('Auto Cad',5,'Power Engineering',4),
(' Calculatoredge',5,'Power Engineering',4),
('Electronics Bundle',5,'Power Engineering',4),
('PartSim',5,'Power Engineering',4),

('Auto Cad',6,'Power Engineering',4),
(' Calculatoredge',6,'Power Engineering',4),
('Electronics Bundle',6,'Power Engineering',4),
('PartSim',6,'Power Engineering',4),

('Auto Cad',7,'Power Engineering',4),
(' Calculatoredge',7,'Power Engineering',4),
('Electronics Bundle',7,'Power Engineering',4),
('PartSim',7,'Power Engineering',4),

('Auto Cad',8,'Power Engineering',4),
(' Calculatoredge',8,'Power Engineering',4),
('Electronics Bundle',8,'Power Engineering',4),
('PartSim',8,'Power Engineering',4),

('Auto Cad',9,'Power Engineering',4),
(' Calculatoredge',9,'Power Engineering',4),
('Electronics Bundle',9,'Power Engineering',4),
('PartSim',9,'Power Engineering',4),

('Auto Cad',10,'Power Engineering',4),
(' Calculatoredge',10,'Power Engineering',4),
('Electronics Bundle',10,'Power Engineering',4),
('PartSim',10,'Power Engineering',4)

create table Musical_Instrument
(
Musical_Ins_ID int  not null,
Musical_Ins_Name nvarchar(max) not null,	
Musical_Ins_Status nvarchar(10) not null,
Musical_Ins_price int not null,
Musical_Ins_User_ID int foreign key references [User](User_ID),
Musical_Ins_Type nvarchar(30) not null,
Musical_Ins_Dep int not null,
Instrument_Image image,
foreign key(Musical_Ins_Type,Musical_Ins_Dep) references Music_Section(Music_Sec_Name,Music_Lib_Dep_ID),
Primary key (Musical_Ins_ID,Musical_Ins_Type,Musical_Ins_Dep)

);